# GO	NS	enrichment	name	ratio_in_study	ratio_in_pop	p_uncorrected	depth	study_count	p_fdr_bh	study_items
GO:0006081	BP	e	cellular aldehyde metabolic process	5/83	9/5813	6.33379963504112e-08	3	5	0.0001969811686497788	YDL243C, YFL056C, YJR155W, YNL331C, YOL165C
GO:0008380	BP	e	RNA splicing	10/83	95/5813	7.657423394133814e-07	8	10	0.001190729337787808	YBL074C, YCR063W, YGL174W, YGR278W, YIR005W, YLR117C, YLR323C, YMR213W, YNL245C, YPR057W
GO:0000398	BP	e	mRNA splicing, via spliceosome	9/83	84/5813	2.45060771928378e-06	11	9	0.0025404633356575185	YCR063W, YGL174W, YGR278W, YIR005W, YLR117C, YLR323C, YMR213W, YNL245C, YOR319W
GO:0006397	BP	e	mRNA processing	11/83	157/5813	1.185072621041084e-05	8	11	0.009213939628594429	YBL074C, YCR063W, YGL174W, YGR278W, YIR005W, YLR117C, YLR323C, YMR213W, YNL245C, YOR319W, YPR057W
GO:0005681	CC	e	spliceosomal complex	9/83	67/5813	3.464648475279466e-07	5	9	0.000285487034363028	YCR063W, YGL174W, YGR278W, YIR005W, YLR117C, YLR323C, YMR213W, YNL245C, YPR057W
GO:0005684	CC	e	U2-type spliceosomal complex	4/83	9/5813	4.612595015937848e-06	6	4	0.0019003891465663937	YGL174W, YGR278W, YLR323C, YNL245C
GO:0047681	MF	e	aryl-alcohol dehydrogenase (NADP+) activity	5/83	7/5813	1.0796532752261656e-08	5	5	2.1150407661680582e-05	YDL243C, YFL056C, YJR155W, YNL331C, YOL165C
